,Random Forecaster,Naive Forecaster,KNN Recommender,Parrot 50
uniform,0.009,0.005,0.011604579753777098,0.526
zipf,0.014,0.067,0.04669428252606647,0.506
normal,0.005,0.022,0.016882481708632966,0.524
